{"vector": [0.18340082709561825, -0.1906011092527513, 0.3643022735515796, 0.31822737940772483, -0.34569762340633853, -0.0288629268453545, 0.042246988144473065, -0.18585479983163603, 0.1317436013416942, -0.10694952102141275, 0.17673034997905646, -0.34766707678678993, -0.1974340430154794, 0.03646999891655494, 0.3893814852849948, 0.34410894613737036], "prediction": 8}