{"vector": [-0.265570658687587, 0.2878227644469365, 0.1679221000385676, -0.27177879651393944, -0.2762283830330998, -0.023748833420468393, -0.29398176787052693, 0.059735077703859794, 0.2845544457650313, 0.14665890796277556, -0.27993106751379787, -0.2587968193226715, -0.2840520134581249, 0.2598399892187093, 0.26037015841376104, 0.268578826687518], "prediction": 4}