{"vector": [0.20232782243791878, -0.17553047755885923, 0.36438595265090573, 0.3770435728111936, -0.32324010527595126, -0.0005328580615366191, 0.04554599714931763, -0.1809404384118639, 0.07412850265511954, -0.06805911538300767, 0.2158052225091611, -0.3504247810877786, -0.16902276826999077, 0.013600641930980146, 0.40478918224570665, 0.32539047188136155], "prediction": 8}