{"vector": [-0.24000125893114002, 0.2530967321161321, 0.2683374686091791, -0.34440622213761696, 0.1150053868816932, 0.14151745256767848, -0.2618903198584656, -0.10986006888434686, -0.19975452513016662, -0.2830860097097352, -0.24922844001745426, -0.10866283502126484, -0.3018298165777479, 0.2976879821658606, 0.29258533671539366, -0.2515557001659673], "prediction": 7}