{"vector": [0.2023090027289594, -0.1943166954547325, 0.352543216384969, 0.3555552486195083, -0.31030522100895225, 0.04569913143593184, 0.03197685249885796, -0.1940848779685982, 0.04507324182663432, -0.1127192002494954, 0.21415689684080533, -0.36114764450872716, -0.2050966226308789, 0.021944741093139104, 0.3939483157922038, 0.3085549179462423], "prediction": 8}