{"vector": [-0.27146347837254975, 0.27784139626315174, 0.24233597556398512, -0.2704756949136412, -0.264436145603254, -0.033528149736989574, -0.30062640501350346, 0.013917226344999194, 0.27866208448764856, 0.146182947241037, -0.2760517241507304, -0.24889353156159044, -0.2621727538955349, 0.268184412303633, 0.265853532054791, 0.27102080465859957], "prediction": 4}